,Epoch,TrainLoss,TrainWarpLoss,TrainTVLoss,ValLoss,ValWarpLoss,ValTVLoss,Best Score
0,100,0.26629952869067586,0.26629952869067586,3.474589134929336e-08,0.17661951715126634,0.17661951715126634,4.130406988656077e-08,0.0017661951715126634
1,141,0.5562123135090447,0.5562123135090447,3.34666970418336e-08,0.17453646287322044,0.17453646287322044,3.354459765514406e-08,0.0017453646287322044
2,600,0.2399760919312636,0.2399760919312636,1.9427010463276183e-08,0.18311372259631753,0.18311372259631753,2.3279872474191166e-08,0.0017453646287322044
3,800,0.32772344711702317,0.32772344711702317,2.5796879563055874e-08,0.18227300024591386,0.18227300024591386,2.3428659012836306e-08,0.0017453646287322044
