,Epoch,TrainLoss,TrainWarpLoss,TrainTVLoss,ValLoss,ValWarpLoss,ValTVLoss,Best Score
0,100,0.2663262886926532,0.2663262886926532,3.5778898362555836e-08,0.1766631321515888,0.1766631321515888,4.1108556836366716e-08,0.001766631321515888
1,141,0.556219476633347,0.556219476633347,3.3037565845443865e-08,0.1745252637192607,0.1745252637192607,3.2389414761357926e-08,0.001745252637192607
2,600,0.23997713966916004,0.23997713966916004,1.9905551281359145e-08,0.1831167784985155,0.1831167784985155,2.4757788874563147e-08,0.001745252637192607
3,800,0.32772533886600286,0.32772533886600286,2.6194440019833287e-08,0.182266253978014,0.182266253978014,2.4861519787311437e-08,0.001745252637192607
