,Unnamed: 0,Epoch,TrainLoss,TrainWarpLoss,TrainTVLoss,ValLoss,ValWarpLoss,ValTVLoss,Best Score
0,0.0,100,0.2663164283148944,0.2663164283148944,3.305082827790666e-08,0.1766465080436319,0.1766465080436319,3.8685291081641544e-08,0.0017664650804363
1,1.0,141,0.5562070354174535,0.5562070354174535,3.0773605779017735e-08,0.1745576621033251,0.1745576621033251,2.990144104542125e-08,0.0017455766210332
2,2.0,1000,0.3632817883044481,0.3632817883044481,3.4385265745839895e-08,0.1828147389460355,0.1828147389460355,2.402709142756976e-08,0.0017455766210332
3,,1200,0.23401427703599134,0.23401427703599134,2.0160129584242035e-08,0.18258252530358732,0.18258252530358732,2.402002485801802e-08,0.0017455766210332
